"filepath"	"local"	"posted"	"tagged"	"error"
"./mm_nwis_01104430-1-170206 1.0.0 MLE_prep_run.RData"	FALSE	TRUE	TRUE	NA
"./mm_nwis_01124000-2-170206 1.0.0 MLE_prep_run.RData"	FALSE	TRUE	TRUE	NA
"./mm_nwis_01125100-3-170206 1.0.0 MLE_prep_run.RData"	FALSE	TRUE	TRUE	NA
"./mm_nwis_01184000-4-170206 1.0.0 MLE_prep_run.RData"	FALSE	FALSE	FALSE	NA
"./mm_nwis_01193050-5-170206 1.0.0 MLE_prep_run.RData"	FALSE	FALSE	FALSE	NA
"./mm_nwis_01196500-6-170206 1.0.0 MLE_prep_run.RData"	FALSE	TRUE	TRUE	NA
"./mm_nwis_01201487-7-170206 1.0.0 MLE_prep_run.RData"	FALSE	FALSE	FALSE	NA
"./mm_nwis_01208500-8-170206 1.0.0 MLE_prep_run.RData"	FALSE	TRUE	TRUE	NA
"./mm_nwis_01208990-9-170206 1.0.0 MLE_prep_run.RData"	FALSE	FALSE	FALSE	NA
"./mm_nwis_01382210-10-170206 1.0.0 MLE_prep_run.RData"	FALSE	FALSE	FALSE	NA
"./mm_nwis_01388000-11-170206 1.0.0 MLE_prep_run.RData"	FALSE	FALSE	FALSE	NA
"./mm_nwis_01400500-12-170206 1.0.0 MLE_prep_run.RData"	FALSE	FALSE	FALSE	NA
"./mm_nwis_01408500-13-170206 1.0.0 MLE_prep_run.RData"	FALSE	FALSE	FALSE	NA
"./mm_nwis_01433500-14-170206 1.0.0 MLE_prep_run.RData"	FALSE	TRUE	TRUE	NA
"./mm_nwis_01454700-15-170206 1.0.0 MLE_prep_run.RData"	FALSE	FALSE	FALSE	NA
"./mm_nwis_01463500-16-170206 1.0.0 MLE_prep_run.RData"	FALSE	FALSE	FALSE	NA
"./mm_nwis_01473500-17-170206 1.0.0 MLE_prep_run.RData"	FALSE	FALSE	FALSE	NA
"./mm_nwis_01474500-18-170206 1.0.0 MLE_prep_run.RData"	FALSE	TRUE	TRUE	NA
"./mm_nwis_01480617-19-170206 1.0.0 MLE_prep_run.RData"	FALSE	FALSE	FALSE	NA
"./mm_nwis_01480870-20-170206 1.0.0 MLE_prep_run.RData"	FALSE	FALSE	FALSE	NA
"./mm_nwis_01481000-21-170206 1.0.0 MLE_prep_run.RData"	FALSE	FALSE	FALSE	NA
"./mm_nwis_01481500-22-170206 1.0.0 MLE_prep_run.RData"	FALSE	FALSE	FALSE	NA
"./mm_nwis_01484085-23-170206 1.0.0 MLE_prep_run.RData"	FALSE	FALSE	FALSE	NA
"./mm_nwis_01484525-24-170206 1.0.0 MLE_prep_run.RData"	FALSE	FALSE	FALSE	NA
"./mm_nwis_01487150-25-170206 1.0.0 MLE_prep_run.RData"	FALSE	FALSE	FALSE	NA
"./mm_nwis_01493112-26-170206 1.0.0 MLE_prep_run.RData"	FALSE	FALSE	FALSE	NA
"./mm_nwis_01540500-27-170206 1.0.0 MLE_prep_run.RData"	FALSE	FALSE	FALSE	NA
"./mm_nwis_01542500-28-170206 1.0.0 MLE_prep_run.RData"	FALSE	TRUE	TRUE	NA
"./mm_nwis_01544500-29-170206 1.0.0 MLE_prep_run.RData"	FALSE	FALSE	FALSE	NA
"./mm_nwis_01548303-30-170206 1.0.0 MLE_prep_run.RData"	FALSE	FALSE	FALSE	NA
"./mm_nwis_01549700-31-170206 1.0.0 MLE_prep_run.RData"	FALSE	TRUE	TRUE	NA
"./mm_nwis_01567000-32-170206 1.0.0 MLE_prep_run.RData"	FALSE	FALSE	FALSE	NA
"./mm_nwis_01570500-33-170206 1.0.0 MLE_prep_run.RData"	FALSE	TRUE	TRUE	NA
"./mm_nwis_01608500-34-170206 1.0.0 MLE_prep_run.RData"	FALSE	FALSE	FALSE	NA
"./mm_nwis_01611500-35-170206 1.0.0 MLE_prep_run.RData"	FALSE	FALSE	FALSE	NA
"./mm_nwis_01632900-36-170206 1.0.0 MLE_prep_run.RData"	FALSE	FALSE	FALSE	NA
"./mm_nwis_01645704-37-170206 1.0.0 MLE_prep_run.RData"	FALSE	FALSE	FALSE	NA
"./mm_nwis_01645762-38-170206 1.0.0 MLE_prep_run.RData"	FALSE	FALSE	FALSE	NA
"./mm_nwis_01646000-39-170206 1.0.0 MLE_prep_run.RData"	FALSE	FALSE	FALSE	NA
"./mm_nwis_01646305-40-170206 1.0.0 MLE_prep_run.RData"	FALSE	FALSE	FALSE	NA
"./mm_nwis_01646500-41-170206 1.0.0 MLE_prep_run.RData"	FALSE	FALSE	FALSE	NA
"./mm_nwis_01648010-42-170206 1.0.0 MLE_prep_run.RData"	FALSE	FALSE	FALSE	NA
"./mm_nwis_01649190-43-170206 1.0.0 MLE_prep_run.RData"	FALSE	FALSE	FALSE	NA
"./mm_nwis_01649500-44-170206 1.0.0 MLE_prep_run.RData"	FALSE	FALSE	FALSE	NA
"./mm_nwis_01650800-45-170206 1.0.0 MLE_prep_run.RData"	FALSE	FALSE	FALSE	NA
"./mm_nwis_0165389205-46-170206 1.0.0 MLE_prep_run.RData"	FALSE	FALSE	FALSE	NA
"./mm_nwis_01654000-47-170206 1.0.0 MLE_prep_run.RData"	FALSE	FALSE	FALSE	NA
"./mm_nwis_01654500-48-170206 1.0.0 MLE_prep_run.RData"	FALSE	FALSE	FALSE	NA
"./mm_nwis_01656903-49-170206 1.0.0 MLE_prep_run.RData"	FALSE	FALSE	FALSE	NA
"./mm_nwis_01658000-50-170206 1.0.0 MLE_prep_run.RData"	FALSE	FALSE	FALSE	NA
"./mm_nwis_0166818623-51-170206 1.0.0 MLE_prep_run.RData"	FALSE	FALSE	FALSE	NA
"./mm_nwis_0166818985-52-170206 1.0.0 MLE_prep_run.RData"	FALSE	FALSE	FALSE	NA
"./mm_nwis_01673000-53-170206 1.0.0 MLE_prep_run.RData"	FALSE	FALSE	FALSE	NA
"./mm_nwis_02035000-54-170206 1.0.0 MLE_prep_run.RData"	FALSE	FALSE	FALSE	NA
"./mm_nwis_02042222-55-170206 1.0.0 MLE_prep_run.RData"	FALSE	FALSE	FALSE	NA
"./mm_nwis_0209303205-56-170206 1.0.0 MLE_prep_run.RData"	FALSE	FALSE	FALSE	NA
"./mm_nwis_02101726-57-170206 1.0.0 MLE_prep_run.RData"	FALSE	FALSE	FALSE	NA
"./mm_nwis_02110400-58-170206 1.0.0 MLE_prep_run.RData"	FALSE	FALSE	FALSE	NA
"./mm_nwis_02110500-59-170206 1.0.0 MLE_prep_run.RData"	FALSE	FALSE	FALSE	NA
"./mm_nwis_02110550-60-170206 1.0.0 MLE_prep_run.RData"	FALSE	FALSE	FALSE	NA
"./mm_nwis_02110701-61-170206 1.0.0 MLE_prep_run.RData"	FALSE	FALSE	FALSE	NA
"./mm_nwis_02110704-62-170206 1.0.0 MLE_prep_run.RData"	FALSE	FALSE	FALSE	NA
"./mm_nwis_0212378405-63-170206 1.0.0 MLE_prep_run.RData"	FALSE	FALSE	FALSE	NA
"./mm_nwis_02135000-64-170206 1.0.0 MLE_prep_run.RData"	FALSE	FALSE	FALSE	NA
"./mm_nwis_02148315-65-170206 1.0.0 MLE_prep_run.RData"	FALSE	FALSE	FALSE	NA
"./mm_nwis_02156500-66-170206 1.0.0 MLE_prep_run.RData"	FALSE	TRUE	TRUE	NA
"./mm_nwis_02160105-67-170206 1.0.0 MLE_prep_run.RData"	FALSE	TRUE	TRUE	NA
"./mm_nwis_02160700-68-170206 1.0.0 MLE_prep_run.RData"	FALSE	FALSE	FALSE	NA
"./mm_nwis_02162035-69-170206 1.0.0 MLE_prep_run.RData"	FALSE	FALSE	FALSE	NA
"./mm_nwis_02168504-70-170206 1.0.0 MLE_prep_run.RData"	FALSE	FALSE	FALSE	NA
"./mm_nwis_02169000-71-170206 1.0.0 MLE_prep_run.RData"	FALSE	FALSE	FALSE	NA
"./mm_nwis_02171645-72-170206 1.0.0 MLE_prep_run.RData"	FALSE	FALSE	FALSE	NA
"./mm_nwis_02198920-73-170206 1.0.0 MLE_prep_run.RData"	FALSE	FALSE	FALSE	NA
"./mm_nwis_02198950-74-170206 1.0.0 MLE_prep_run.RData"	FALSE	FALSE	FALSE	NA
"./mm_nwis_021989773-75-170206 1.0.0 MLE_prep_run.RData"	FALSE	FALSE	FALSE	NA
"./mm_nwis_021989792-76-170206 1.0.0 MLE_prep_run.RData"	FALSE	FALSE	FALSE	NA
"./mm_nwis_02203655-77-170206 1.0.0 MLE_prep_run.RData"	FALSE	FALSE	FALSE	NA
"./mm_nwis_02203700-78-170206 1.0.0 MLE_prep_run.RData"	FALSE	FALSE	FALSE	NA
"./mm_nwis_02203863-79-170206 1.0.0 MLE_prep_run.RData"	FALSE	FALSE	FALSE	NA
"./mm_nwis_02203900-80-170206 1.0.0 MLE_prep_run.RData"	FALSE	FALSE	FALSE	NA
"./mm_nwis_02203950-81-170206 1.0.0 MLE_prep_run.RData"	FALSE	FALSE	FALSE	NA
"./mm_nwis_02203960-82-170206 1.0.0 MLE_prep_run.RData"	FALSE	FALSE	FALSE	NA
"./mm_nwis_02204037-83-170206 1.0.0 MLE_prep_run.RData"	FALSE	FALSE	FALSE	NA
"./mm_nwis_02207135-84-170206 1.0.0 MLE_prep_run.RData"	FALSE	FALSE	FALSE	NA
"./mm_nwis_02207160-85-170206 1.0.0 MLE_prep_run.RData"	FALSE	FALSE	FALSE	NA
"./mm_nwis_02208450-86-170206 1.0.0 MLE_prep_run.RData"	FALSE	FALSE	FALSE	NA
"./mm_nwis_02208493-87-170206 1.0.0 MLE_prep_run.RData"	FALSE	FALSE	FALSE	NA
"./mm_nwis_02217643-88-170206 1.0.0 MLE_prep_run.RData"	FALSE	FALSE	FALSE	NA
"./mm_nwis_02231254-89-170206 1.0.0 MLE_prep_run.RData"	FALSE	FALSE	FALSE	NA
"./mm_nwis_02231291-90-170206 1.0.0 MLE_prep_run.RData"	FALSE	FALSE	FALSE	NA
"./mm_nwis_02234000-91-170206 1.0.0 MLE_prep_run.RData"	FALSE	FALSE	FALSE	NA
"./mm_nwis_02234500-92-170206 1.0.0 MLE_prep_run.RData"	FALSE	FALSE	FALSE	NA
"./mm_nwis_02235500-93-170206 1.0.0 MLE_prep_run.RData"	FALSE	FALSE	FALSE	NA
"./mm_nwis_02236000-94-170206 1.0.0 MLE_prep_run.RData"	FALSE	FALSE	FALSE	NA
"./mm_nwis_02236125-95-170206 1.0.0 MLE_prep_run.RData"	FALSE	FALSE	FALSE	NA
"./mm_nwis_02244040-96-170206 1.0.0 MLE_prep_run.RData"	FALSE	FALSE	FALSE	NA
"./mm_nwis_02245260-97-170206 1.0.0 MLE_prep_run.RData"	FALSE	FALSE	FALSE	NA
"./mm_nwis_02264000-98-170206 1.0.0 MLE_prep_run.RData"	FALSE	FALSE	FALSE	NA
"./mm_nwis_02264100-99-170206 1.0.0 MLE_prep_run.RData"	FALSE	FALSE	FALSE	NA
"./mm_nwis_02266200-100-170206 1.0.0 MLE_prep_run.RData"	FALSE	FALSE	FALSE	NA
"./mm_nwis_02266300-101-170206 1.0.0 MLE_prep_run.RData"	FALSE	FALSE	FALSE	NA
"./mm_nwis_02319302-102-170206 1.0.0 MLE_prep_run.RData"	FALSE	FALSE	FALSE	NA
"./mm_nwis_02320250-103-170206 1.0.0 MLE_prep_run.RData"	FALSE	FALSE	FALSE	NA
"./mm_nwis_02322688-104-170206 1.0.0 MLE_prep_run.RData"	FALSE	FALSE	FALSE	NA
"./mm_nwis_02323502-105-170206 1.0.0 MLE_prep_run.RData"	FALSE	FALSE	FALSE	NA
"./mm_nwis_02323566-106-170206 1.0.0 MLE_prep_run.RData"	FALSE	FALSE	FALSE	NA
"./mm_nwis_02336120-107-170206 1.0.0 MLE_prep_run.RData"	FALSE	FALSE	FALSE	NA
"./mm_nwis_02336152-108-170206 1.0.0 MLE_prep_run.RData"	FALSE	FALSE	FALSE	NA
"./mm_nwis_023362095-109-170206 1.0.0 MLE_prep_run.RData"	FALSE	FALSE	FALSE	NA
"./mm_nwis_02336240-110-170206 1.0.0 MLE_prep_run.RData"	FALSE	FALSE	FALSE	NA
"./mm_nwis_02336300-111-170206 1.0.0 MLE_prep_run.RData"	FALSE	FALSE	FALSE	NA
"./mm_nwis_02336313-112-170206 1.0.0 MLE_prep_run.RData"	FALSE	FALSE	FALSE	NA
"./mm_nwis_02336340-113-170206 1.0.0 MLE_prep_run.RData"	FALSE	FALSE	FALSE	NA
"./mm_nwis_02336360-114-170206 1.0.0 MLE_prep_run.RData"	FALSE	FALSE	FALSE	NA
"./mm_nwis_02336410-115-170206 1.0.0 MLE_prep_run.RData"	FALSE	FALSE	FALSE	NA
"./mm_nwis_02336526-116-170206 1.0.0 MLE_prep_run.RData"	FALSE	FALSE	FALSE	NA
"./mm_nwis_02336728-117-170206 1.0.0 MLE_prep_run.RData"	FALSE	FALSE	FALSE	NA
"./mm_nwis_02337170-118-170206 1.0.0 MLE_prep_run.RData"	FALSE	FALSE	FALSE	NA
"./mm_nwis_023432415-119-170206 1.0.0 MLE_prep_run.RData"	FALSE	FALSE	FALSE	NA
"./mm_nwis_02344630-120-170206 1.0.0 MLE_prep_run.RData"	FALSE	FALSE	FALSE	NA
"./mm_nwis_02397530-121-170206 1.0.0 MLE_prep_run.RData"	FALSE	FALSE	FALSE	NA
"./mm_nwis_02492620-122-170206 1.0.0 MLE_prep_run.RData"	FALSE	FALSE	FALSE	NA
"./mm_nwis_03007800-123-170206 1.0.0 MLE_prep_run.RData"	FALSE	FALSE	FALSE	NA
"./mm_nwis_03025500-124-170206 1.0.0 MLE_prep_run.RData"	FALSE	TRUE	TRUE	NA
"./mm_nwis_03027500-125-170206 1.0.0 MLE_prep_run.RData"	FALSE	TRUE	TRUE	NA
"./mm_nwis_03034000-126-170206 1.0.0 MLE_prep_run.RData"	FALSE	TRUE	TRUE	NA
"./mm_nwis_03036000-127-170206 1.0.0 MLE_prep_run.RData"	FALSE	FALSE	FALSE	NA
"./mm_nwis_03058000-128-170206 1.0.0 MLE_prep_run.RData"	FALSE	FALSE	FALSE	NA
"./mm_nwis_03061000-129-170206 1.0.0 MLE_prep_run.RData"	FALSE	FALSE	FALSE	NA
"./mm_nwis_03067510-130-170206 1.0.0 MLE_prep_run.RData"	FALSE	FALSE	FALSE	NA
"./mm_nwis_03072655-131-170206 1.0.0 MLE_prep_run.RData"	FALSE	TRUE	TRUE	NA
"./mm_nwis_03073000-132-170206 1.0.0 MLE_prep_run.RData"	FALSE	FALSE	FALSE	NA
"./mm_nwis_03075070-133-170206 1.0.0 MLE_prep_run.RData"	FALSE	FALSE	FALSE	NA
"./mm_nwis_03081000-134-170206 1.0.0 MLE_prep_run.RData"	FALSE	TRUE	TRUE	NA
"./mm_nwis_03083500-135-170206 1.0.0 MLE_prep_run.RData"	FALSE	FALSE	FALSE	NA
"./mm_nwis_03098600-136-170206 1.0.0 MLE_prep_run.RData"	FALSE	FALSE	FALSE	NA
"./mm_nwis_03105500-137-170206 1.0.0 MLE_prep_run.RData"	FALSE	TRUE	TRUE	NA
"./mm_nwis_03106000-138-170206 1.0.0 MLE_prep_run.RData"	FALSE	FALSE	FALSE	NA
"./mm_nwis_03121850-139-170206 1.0.0 MLE_prep_run.RData"	FALSE	FALSE	FALSE	NA
"./mm_nwis_03183500-140-170206 1.0.0 MLE_prep_run.RData"	FALSE	FALSE	FALSE	NA
"./mm_nwis_03219500-141-170206 1.0.0 MLE_prep_run.RData"	FALSE	FALSE	FALSE	NA
"./mm_nwis_03228300-142-170206 1.0.0 MLE_prep_run.RData"	FALSE	FALSE	FALSE	NA
"./mm_nwis_03255349-143-170206 1.0.0 MLE_prep_run.RData"	FALSE	FALSE	FALSE	NA
"./mm_nwis_03259757-144-170206 1.0.0 MLE_prep_run.RData"	FALSE	FALSE	FALSE	NA
"./mm_nwis_03259813-145-170206 1.0.0 MLE_prep_run.RData"	FALSE	FALSE	FALSE	NA
"./mm_nwis_03289200-146-170206 1.0.0 MLE_prep_run.RData"	FALSE	FALSE	FALSE	NA
"./mm_nwis_03292470-147-170206 1.0.0 MLE_prep_run.RData"	FALSE	FALSE	FALSE	NA
"./mm_nwis_03292474-148-170206 1.0.0 MLE_prep_run.RData"	FALSE	FALSE	FALSE	NA
"./mm_nwis_03292475-149-170206 1.0.0 MLE_prep_run.RData"	FALSE	FALSE	FALSE	NA
"./mm_nwis_03292480-150-170206 1.0.0 MLE_prep_run.RData"	FALSE	FALSE	FALSE	NA
"./mm_nwis_03293000-151-170206 1.0.0 MLE_prep_run.RData"	FALSE	FALSE	FALSE	NA
"./mm_nwis_03293500-152-170206 1.0.0 MLE_prep_run.RData"	FALSE	FALSE	FALSE	NA
"./mm_nwis_03293530-153-170206 1.0.0 MLE_prep_run.RData"	FALSE	FALSE	FALSE	NA
"./mm_nwis_03294570-154-170206 1.0.0 MLE_prep_run.RData"	FALSE	FALSE	FALSE	NA
"./mm_nwis_03297900-155-170206 1.0.0 MLE_prep_run.RData"	FALSE	FALSE	FALSE	NA
"./mm_nwis_03298000-156-170206 1.0.0 MLE_prep_run.RData"	FALSE	FALSE	FALSE	NA
"./mm_nwis_03298135-157-170206 1.0.0 MLE_prep_run.RData"	FALSE	FALSE	FALSE	NA
"./mm_nwis_03298150-158-170206 1.0.0 MLE_prep_run.RData"	FALSE	FALSE	FALSE	NA
"./mm_nwis_03298200-159-170206 1.0.0 MLE_prep_run.RData"	FALSE	FALSE	FALSE	NA
"./mm_nwis_03298250-160-170206 1.0.0 MLE_prep_run.RData"	FALSE	FALSE	FALSE	NA
"./mm_nwis_03298300-161-170206 1.0.0 MLE_prep_run.RData"	FALSE	FALSE	FALSE	NA
"./mm_nwis_03301900-162-170206 1.0.0 MLE_prep_run.RData"	FALSE	FALSE	FALSE	NA
"./mm_nwis_03301940-163-170206 1.0.0 MLE_prep_run.RData"	FALSE	FALSE	FALSE	NA
"./mm_nwis_03302000-164-170206 1.0.0 MLE_prep_run.RData"	FALSE	FALSE	FALSE	NA
"./mm_nwis_03302030-165-170206 1.0.0 MLE_prep_run.RData"	FALSE	FALSE	FALSE	NA
"./mm_nwis_03302050-166-170206 1.0.0 MLE_prep_run.RData"	FALSE	FALSE	FALSE	NA
"./mm_nwis_03321500-167-170206 1.0.0 MLE_prep_run.RData"	FALSE	FALSE	FALSE	NA
"./mm_nwis_03339000-168-170206 1.0.0 MLE_prep_run.RData"	FALSE	FALSE	FALSE	NA
"./mm_nwis_03346500-169-170206 1.0.0 MLE_prep_run.RData"	FALSE	FALSE	FALSE	NA
"./mm_nwis_03353200-170-170206 1.0.0 MLE_prep_run.RData"	FALSE	FALSE	FALSE	NA
"./mm_nwis_03353420-171-170206 1.0.0 MLE_prep_run.RData"	FALSE	FALSE	FALSE	NA
"./mm_nwis_03374100-172-170206 1.0.0 MLE_prep_run.RData"	FALSE	FALSE	FALSE	NA
"./mm_nwis_03408500-173-170206 1.0.0 MLE_prep_run.RData"	FALSE	FALSE	FALSE	NA
"./mm_nwis_03409500-174-170206 1.0.0 MLE_prep_run.RData"	FALSE	FALSE	FALSE	NA
"./mm_nwis_03430200-175-170206 1.0.0 MLE_prep_run.RData"	FALSE	FALSE	FALSE	NA
"./mm_nwis_03460795-176-170206 1.0.0 MLE_prep_run.RData"	FALSE	FALSE	FALSE	NA
"./mm_nwis_03512000-177-170206 1.0.0 MLE_prep_run.RData"	FALSE	FALSE	FALSE	NA
"./mm_nwis_03538830-178-170206 1.0.0 MLE_prep_run.RData"	FALSE	FALSE	FALSE	NA
"./mm_nwis_03539600-179-170206 1.0.0 MLE_prep_run.RData"	FALSE	FALSE	FALSE	NA
"./mm_nwis_03539778-180-170206 1.0.0 MLE_prep_run.RData"	FALSE	FALSE	FALSE	NA
"./mm_nwis_03597860-181-170206 1.0.0 MLE_prep_run.RData"	FALSE	FALSE	FALSE	NA
"./mm_nwis_04024000-182-170206 1.0.0 MLE_prep_run.RData"	FALSE	FALSE	FALSE	NA
"./mm_nwis_04027000-183-170206 1.0.0 MLE_prep_run.RData"	FALSE	FALSE	FALSE	NA
"./mm_nwis_04040000-184-170206 1.0.0 MLE_prep_run.RData"	FALSE	FALSE	FALSE	NA
"./mm_nwis_04059500-185-170206 1.0.0 MLE_prep_run.RData"	FALSE	FALSE	FALSE	NA
"./mm_nwis_04067500-186-170206 1.0.0 MLE_prep_run.RData"	FALSE	FALSE	FALSE	NA
"./mm_nwis_04085108-187-170206 1.0.0 MLE_prep_run.RData"	FALSE	FALSE	FALSE	NA
"./mm_nwis_040851385-188-170206 1.0.0 MLE_prep_run.RData"	FALSE	FALSE	FALSE	NA
"./mm_nwis_04085427-189-170206 1.0.0 MLE_prep_run.RData"	FALSE	FALSE	FALSE	NA
"./mm_nwis_04087050-190-170206 1.0.0 MLE_prep_run.RData"	FALSE	FALSE	FALSE	NA
"./mm_nwis_04087119-191-170206 1.0.0 MLE_prep_run.RData"	FALSE	FALSE	FALSE	NA
"./mm_nwis_040871488-192-170206 1.0.0 MLE_prep_run.RData"	FALSE	FALSE	FALSE	NA
"./mm_nwis_04087170-193-170206 1.0.0 MLE_prep_run.RData"	FALSE	FALSE	FALSE	NA
"./mm_nwis_04092750-194-170206 1.0.0 MLE_prep_run.RData"	FALSE	FALSE	FALSE	NA
"./mm_nwis_04095090-195-170206 1.0.0 MLE_prep_run.RData"	FALSE	FALSE	FALSE	NA
"./mm_nwis_04101500-196-170206 1.0.0 MLE_prep_run.RData"	FALSE	FALSE	FALSE	NA
"./mm_nwis_04108660-197-170206 1.0.0 MLE_prep_run.RData"	FALSE	FALSE	FALSE	NA
"./mm_nwis_04119400-198-170206 1.0.0 MLE_prep_run.RData"	FALSE	FALSE	FALSE	NA
"./mm_nwis_04121944-199-170206 1.0.0 MLE_prep_run.RData"	FALSE	FALSE	FALSE	NA
"./mm_nwis_04121970-200-170206 1.0.0 MLE_prep_run.RData"	FALSE	FALSE	FALSE	NA
"./mm_nwis_04124000-201-170206 1.0.0 MLE_prep_run.RData"	FALSE	FALSE	FALSE	NA
"./mm_nwis_04124200-202-170206 1.0.0 MLE_prep_run.RData"	FALSE	FALSE	FALSE	NA
"./mm_nwis_04125460-203-170206 1.0.0 MLE_prep_run.RData"	FALSE	FALSE	FALSE	NA
"./mm_nwis_04125550-204-170206 1.0.0 MLE_prep_run.RData"	FALSE	FALSE	FALSE	NA
"./mm_nwis_04136000-205-170206 1.0.0 MLE_prep_run.RData"	FALSE	FALSE	FALSE	NA
"./mm_nwis_04136500-206-170206 1.0.0 MLE_prep_run.RData"	FALSE	FALSE	FALSE	NA
"./mm_nwis_04136900-207-170206 1.0.0 MLE_prep_run.RData"	FALSE	FALSE	FALSE	NA
"./mm_nwis_04137005-208-170206 1.0.0 MLE_prep_run.RData"	FALSE	FALSE	FALSE	NA
"./mm_nwis_04137500-209-170206 1.0.0 MLE_prep_run.RData"	FALSE	FALSE	FALSE	NA
"./mm_nwis_04142000-210-170206 1.0.0 MLE_prep_run.RData"	FALSE	FALSE	FALSE	NA
"./mm_nwis_041482663-211-170206 1.0.0 MLE_prep_run.RData"	FALSE	FALSE	FALSE	NA
"./mm_nwis_04157005-212-170206 1.0.0 MLE_prep_run.RData"	FALSE	FALSE	FALSE	NA
"./mm_nwis_04165500-213-170206 1.0.0 MLE_prep_run.RData"	FALSE	FALSE	FALSE	NA
"./mm_nwis_04166500-214-170206 1.0.0 MLE_prep_run.RData"	FALSE	FALSE	FALSE	NA
"./mm_nwis_04167150-215-170206 1.0.0 MLE_prep_run.RData"	FALSE	FALSE	FALSE	NA
"./mm_nwis_04168400-216-170206 1.0.0 MLE_prep_run.RData"	FALSE	FALSE	FALSE	NA
"./mm_nwis_04174500-217-170206 1.0.0 MLE_prep_run.RData"	FALSE	TRUE	TRUE	NA
"./mm_nwis_04176500-218-170206 1.0.0 MLE_prep_run.RData"	FALSE	FALSE	FALSE	NA
"./mm_nwis_04188496-219-170206 1.0.0 MLE_prep_run.RData"	FALSE	FALSE	FALSE	NA
"./mm_nwis_04195500-220-170206 1.0.0 MLE_prep_run.RData"	FALSE	FALSE	FALSE	NA
"./mm_nwis_04199500-221-170206 1.0.0 MLE_prep_run.RData"	FALSE	FALSE	FALSE	NA
"./mm_nwis_04200500-222-170206 1.0.0 MLE_prep_run.RData"	FALSE	FALSE	FALSE	NA
"./mm_nwis_04208000-223-170206 1.0.0 MLE_prep_run.RData"	FALSE	FALSE	FALSE	NA
"./mm_nwis_04213152-224-170206 1.0.0 MLE_prep_run.RData"	FALSE	FALSE	FALSE	NA
"./mm_nwis_04213500-225-170206 1.0.0 MLE_prep_run.RData"	FALSE	FALSE	FALSE	NA
"./mm_nwis_04231600-226-170206 1.0.0 MLE_prep_run.RData"	FALSE	FALSE	FALSE	NA
"./mm_nwis_04249000-227-170206 1.0.0 MLE_prep_run.RData"	FALSE	FALSE	FALSE	NA
"./mm_nwis_05054000-228-170206 1.0.0 MLE_prep_run.RData"	FALSE	FALSE	FALSE	NA
"./mm_nwis_05057000-229-170206 1.0.0 MLE_prep_run.RData"	FALSE	FALSE	FALSE	NA
"./mm_nwis_05057200-230-170206 1.0.0 MLE_prep_run.RData"	FALSE	FALSE	FALSE	NA
"./mm_nwis_05082500-231-170206 1.0.0 MLE_prep_run.RData"	FALSE	FALSE	FALSE	NA
"./mm_nwis_05406457-232-170206 1.0.0 MLE_prep_run.RData"	FALSE	FALSE	FALSE	NA
"./mm_nwis_05406469-233-170206 1.0.0 MLE_prep_run.RData"	FALSE	FALSE	FALSE	NA
"./mm_nwis_05406479-234-170206 1.0.0 MLE_prep_run.RData"	FALSE	FALSE	FALSE	NA
"./mm_nwis_05406500-235-170206 1.0.0 MLE_prep_run.RData"	FALSE	FALSE	FALSE	NA
"./mm_nwis_05418400-236-170206 1.0.0 MLE_prep_run.RData"	FALSE	FALSE	FALSE	NA
"./mm_nwis_05420500-237-170206 1.0.0 MLE_prep_run.RData"	FALSE	FALSE	FALSE	NA
"./mm_nwis_05435943-238-170206 1.0.0 MLE_prep_run.RData"	FALSE	FALSE	FALSE	NA
"./mm_nwis_05435950-239-170206 1.0.0 MLE_prep_run.RData"	FALSE	FALSE	FALSE	NA
"./mm_nwis_05446500-240-170206 1.0.0 MLE_prep_run.RData"	FALSE	FALSE	FALSE	NA
"./mm_nwis_05447500-241-170206 1.0.0 MLE_prep_run.RData"	FALSE	FALSE	FALSE	NA
"./mm_nwis_05451080-242-170206 1.0.0 MLE_prep_run.RData"	FALSE	FALSE	FALSE	NA
"./mm_nwis_05451210-243-170206 1.0.0 MLE_prep_run.RData"	FALSE	FALSE	FALSE	NA
"./mm_nwis_05515500-244-170206 1.0.0 MLE_prep_run.RData"	FALSE	FALSE	FALSE	NA
"./mm_nwis_05518000-245-170206 1.0.0 MLE_prep_run.RData"	FALSE	TRUE	TRUE	NA
"./mm_nwis_05524500-246-170206 1.0.0 MLE_prep_run.RData"	FALSE	FALSE	FALSE	NA
"./mm_nwis_05579630-247-170206 1.0.0 MLE_prep_run.RData"	FALSE	FALSE	FALSE	NA
"./mm_nwis_05595000-248-170206 1.0.0 MLE_prep_run.RData"	FALSE	FALSE	FALSE	NA
"./mm_nwis_05599490-249-170206 1.0.0 MLE_prep_run.RData"	FALSE	FALSE	FALSE	NA
"./mm_nwis_06336000-250-170206 1.0.0 MLE_prep_run.RData"	FALSE	FALSE	FALSE	NA
"./mm_nwis_06436760-251-170206 1.0.0 MLE_prep_run.RData"	FALSE	TRUE	TRUE	NA
"./mm_nwis_06461500-252-170206 1.0.0 MLE_prep_run.RData"	FALSE	FALSE	FALSE	NA
"./mm_nwis_06465500-253-170206 1.0.0 MLE_prep_run.RData"	FALSE	FALSE	FALSE	NA
"./mm_nwis_06478522-254-170206 1.0.0 MLE_prep_run.RData"	FALSE	TRUE	TRUE	NA
"./mm_nwis_06670500-255-170206 1.0.0 MLE_prep_run.RData"	FALSE	FALSE	FALSE	NA
"./mm_nwis_06711565-256-170206 1.0.0 MLE_prep_run.RData"	FALSE	FALSE	FALSE	NA
"./mm_nwis_06795500-257-170206 1.0.0 MLE_prep_run.RData"	FALSE	FALSE	FALSE	NA
"./mm_nwis_06800500-258-170206 1.0.0 MLE_prep_run.RData"	FALSE	FALSE	FALSE	NA
"./mm_nwis_06805500-259-170206 1.0.0 MLE_prep_run.RData"	FALSE	FALSE	FALSE	NA
"./mm_nwis_06818000-260-170206 1.0.0 MLE_prep_run.RData"	FALSE	FALSE	FALSE	NA
"./mm_nwis_06892513-261-170206 1.0.0 MLE_prep_run.RData"	FALSE	FALSE	FALSE	NA
"./mm_nwis_06893300-262-170206 1.0.0 MLE_prep_run.RData"	FALSE	FALSE	FALSE	NA
"./mm_nwis_06893350-263-170206 1.0.0 MLE_prep_run.RData"	FALSE	FALSE	FALSE	NA
"./mm_nwis_06893620-264-170206 1.0.0 MLE_prep_run.RData"	FALSE	FALSE	FALSE	NA
"./mm_nwis_06893820-265-170206 1.0.0 MLE_prep_run.RData"	FALSE	FALSE	FALSE	NA
"./mm_nwis_06893890-266-170206 1.0.0 MLE_prep_run.RData"	FALSE	FALSE	FALSE	NA
"./mm_nwis_06893970-267-170206 1.0.0 MLE_prep_run.RData"	FALSE	FALSE	FALSE	NA
"./mm_nwis_06894000-268-170206 1.0.0 MLE_prep_run.RData"	FALSE	FALSE	FALSE	NA
"./mm_nwis_06934500-269-170206 1.0.0 MLE_prep_run.RData"	FALSE	FALSE	FALSE	NA
"./mm_nwis_07048600-270-170206 1.0.0 MLE_prep_run.RData"	FALSE	FALSE	FALSE	NA
"./mm_nwis_07061270-271-170206 1.0.0 MLE_prep_run.RData"	FALSE	FALSE	FALSE	NA
"./mm_nwis_07061290-272-170206 1.0.0 MLE_prep_run.RData"	FALSE	FALSE	FALSE	NA
"./mm_nwis_07075250-273-170206 1.0.0 MLE_prep_run.RData"	FALSE	FALSE	FALSE	NA
"./mm_nwis_07075270-274-170206 1.0.0 MLE_prep_run.RData"	FALSE	FALSE	FALSE	NA
"./mm_nwis_07106000-275-170206 1.0.0 MLE_prep_run.RData"	FALSE	FALSE	FALSE	NA
"./mm_nwis_07109500-276-170206 1.0.0 MLE_prep_run.RData"	FALSE	TRUE	TRUE	NA
"./mm_nwis_07143672-277-170206 1.0.0 MLE_prep_run.RData"	FALSE	FALSE	FALSE	NA
"./mm_nwis_07144100-278-170206 1.0.0 MLE_prep_run.RData"	FALSE	FALSE	FALSE	NA
"./mm_nwis_07164500-279-170206 1.0.0 MLE_prep_run.RData"	FALSE	FALSE	FALSE	NA
"./mm_nwis_07177500-280-170206 1.0.0 MLE_prep_run.RData"	FALSE	FALSE	FALSE	NA
"./mm_nwis_07178200-281-170206 1.0.0 MLE_prep_run.RData"	FALSE	FALSE	FALSE	NA
"./mm_nwis_071912213-282-170206 1.0.0 MLE_prep_run.RData"	FALSE	FALSE	FALSE	NA
"./mm_nwis_07191222-283-170206 1.0.0 MLE_prep_run.RData"	FALSE	FALSE	FALSE	NA
"./mm_nwis_07198000-284-170206 1.0.0 MLE_prep_run.RData"	FALSE	FALSE	FALSE	NA
"./mm_nwis_07239450-285-170206 1.0.0 MLE_prep_run.RData"	FALSE	FALSE	FALSE	NA
"./mm_nwis_07241000-286-170206 1.0.0 MLE_prep_run.RData"	FALSE	FALSE	FALSE	NA
"./mm_nwis_07241520-287-170206 1.0.0 MLE_prep_run.RData"	FALSE	FALSE	FALSE	NA
"./mm_nwis_07241550-288-170206 1.0.0 MLE_prep_run.RData"	FALSE	FALSE	FALSE	NA
"./mm_nwis_07263296-289-170206 1.0.0 MLE_prep_run.RData"	FALSE	TRUE	TRUE	NA
"./mm_nwis_072632966-290-170206 1.0.0 MLE_prep_run.RData"	FALSE	FALSE	FALSE	NA
"./mm_nwis_07332620-291-170206 1.0.0 MLE_prep_run.RData"	FALSE	FALSE	FALSE	NA
"./mm_nwis_07332622-292-170206 1.0.0 MLE_prep_run.RData"	FALSE	FALSE	FALSE	NA
"./mm_nwis_07374000-293-170206 1.0.0 MLE_prep_run.RData"	FALSE	FALSE	FALSE	NA
"./mm_nwis_07381600-294-170206 1.0.0 MLE_prep_run.RData"	FALSE	FALSE	FALSE	NA
"./mm_nwis_08048000-295-170206 1.0.0 MLE_prep_run.RData"	FALSE	FALSE	FALSE	NA
"./mm_nwis_08049500-296-170206 1.0.0 MLE_prep_run.RData"	FALSE	FALSE	FALSE	NA
"./mm_nwis_08052700-297-170206 1.0.0 MLE_prep_run.RData"	FALSE	FALSE	FALSE	NA
"./mm_nwis_08052745-298-170206 1.0.0 MLE_prep_run.RData"	FALSE	FALSE	FALSE	NA
"./mm_nwis_08057000-299-170206 1.0.0 MLE_prep_run.RData"	FALSE	TRUE	TRUE	NA
"./mm_nwis_08057410-300-170206 1.0.0 MLE_prep_run.RData"	FALSE	FALSE	FALSE	NA
"./mm_nwis_08062500-301-170206 1.0.0 MLE_prep_run.RData"	FALSE	FALSE	FALSE	NA
"./mm_nwis_08065350-302-170206 1.0.0 MLE_prep_run.RData"	FALSE	FALSE	FALSE	NA
"./mm_nwis_08068000-303-170206 1.0.0 MLE_prep_run.RData"	FALSE	FALSE	FALSE	NA
"./mm_nwis_08068500-304-170206 1.0.0 MLE_prep_run.RData"	FALSE	FALSE	FALSE	NA
"./mm_nwis_08070200-305-170206 1.0.0 MLE_prep_run.RData"	FALSE	FALSE	FALSE	NA
"./mm_nwis_08155500-306-170206 1.0.0 MLE_prep_run.RData"	FALSE	FALSE	FALSE	NA
"./mm_nwis_08171290-307-170206 1.0.0 MLE_prep_run.RData"	FALSE	FALSE	FALSE	NA
"./mm_nwis_08180700-308-170206 1.0.0 MLE_prep_run.RData"	FALSE	FALSE	FALSE	NA
"./mm_nwis_08181500-309-170206 1.0.0 MLE_prep_run.RData"	FALSE	FALSE	FALSE	NA
"./mm_nwis_08181800-310-170206 1.0.0 MLE_prep_run.RData"	FALSE	FALSE	FALSE	NA
"./mm_nwis_08188060-311-170206 1.0.0 MLE_prep_run.RData"	FALSE	FALSE	FALSE	NA
"./mm_nwis_08211200-312-170206 1.0.0 MLE_prep_run.RData"	FALSE	FALSE	FALSE	NA
"./mm_nwis_08317400-313-170206 1.0.0 MLE_prep_run.RData"	FALSE	FALSE	FALSE	NA
"./mm_nwis_08374550-314-170206 1.0.0 MLE_prep_run.RData"	FALSE	FALSE	FALSE	NA
"./mm_nwis_08375300-315-170206 1.0.0 MLE_prep_run.RData"	FALSE	FALSE	FALSE	NA
"./mm_nwis_08412500-316-170206 1.0.0 MLE_prep_run.RData"	FALSE	TRUE	TRUE	NA
"./mm_nwis_08437710-317-170206 1.0.0 MLE_prep_run.RData"	FALSE	FALSE	FALSE	NA
"./mm_nwis_08446500-318-170206 1.0.0 MLE_prep_run.RData"	FALSE	FALSE	FALSE	NA
"./mm_nwis_08447000-319-170206 1.0.0 MLE_prep_run.RData"	FALSE	FALSE	FALSE	NA
"./mm_nwis_08447300-320-170206 1.0.0 MLE_prep_run.RData"	FALSE	FALSE	FALSE	NA
"./mm_nwis_09041400-321-170206 1.0.0 MLE_prep_run.RData"	FALSE	FALSE	FALSE	NA
"./mm_nwis_09326500-322-170206 1.0.0 MLE_prep_run.RData"	FALSE	TRUE	TRUE	NA
"./mm_nwis_09327000-323-170206 1.0.0 MLE_prep_run.RData"	FALSE	FALSE	FALSE	NA
"./mm_nwis_09406000-324-170206 1.0.0 MLE_prep_run.RData"	FALSE	FALSE	FALSE	NA
"./mm_nwis_10129900-325-170206 1.0.0 MLE_prep_run.RData"	FALSE	FALSE	FALSE	NA
"./mm_nwis_10133650-326-170206 1.0.0 MLE_prep_run.RData"	FALSE	FALSE	FALSE	NA
"./mm_nwis_10133800-327-170206 1.0.0 MLE_prep_run.RData"	FALSE	FALSE	FALSE	NA
"./mm_nwis_10133980-328-170206 1.0.0 MLE_prep_run.RData"	FALSE	FALSE	FALSE	NA
"./mm_nwis_11044000-329-170206 1.0.0 MLE_prep_run.RData"	FALSE	FALSE	FALSE	NA
"./mm_nwis_11126000-330-170206 1.0.0 MLE_prep_run.RData"	FALSE	FALSE	FALSE	NA
"./mm_nwis_11128500-331-170206 1.0.0 MLE_prep_run.RData"	FALSE	FALSE	FALSE	NA
"./mm_nwis_11273400-332-170206 1.0.0 MLE_prep_run.RData"	FALSE	FALSE	FALSE	NA
"./mm_nwis_11285500-333-170206 1.0.0 MLE_prep_run.RData"	FALSE	FALSE	FALSE	NA
"./mm_nwis_11313433-334-170206 1.0.0 MLE_prep_run.RData"	FALSE	FALSE	FALSE	NA
"./mm_nwis_11447650-335-170206 1.0.0 MLE_prep_run.RData"	FALSE	TRUE	TRUE	NA
"./mm_nwis_11447830-336-170206 1.0.0 MLE_prep_run.RData"	FALSE	TRUE	TRUE	NA
"./mm_nwis_11447850-337-170206 1.0.0 MLE_prep_run.RData"	FALSE	TRUE	TRUE	NA
"./mm_nwis_11447890-338-170206 1.0.0 MLE_prep_run.RData"	FALSE	FALSE	FALSE	NA
"./mm_nwis_11455165-339-170206 1.0.0 MLE_prep_run.RData"	FALSE	TRUE	TRUE	NA
"./mm_nwis_11455315-340-170206 1.0.0 MLE_prep_run.RData"	FALSE	FALSE	FALSE	NA
"./mm_nwis_11455350-341-170206 1.0.0 MLE_prep_run.RData"	FALSE	FALSE	FALSE	NA
"./mm_nwis_11462500-342-170206 1.0.0 MLE_prep_run.RData"	FALSE	FALSE	FALSE	NA
"./mm_nwis_11463000-343-170206 1.0.0 MLE_prep_run.RData"	FALSE	FALSE	FALSE	NA
"./mm_nwis_11463682-344-170206 1.0.0 MLE_prep_run.RData"	FALSE	FALSE	FALSE	NA
"./mm_nwis_11463980-345-170206 1.0.0 MLE_prep_run.RData"	FALSE	FALSE	FALSE	NA
"./mm_nwis_11465240-346-170206 1.0.0 MLE_prep_run.RData"	FALSE	FALSE	FALSE	NA
"./mm_nwis_11467000-347-170206 1.0.0 MLE_prep_run.RData"	FALSE	FALSE	FALSE	NA
"./mm_nwis_12100490-348-170206 1.0.0 MLE_prep_run.RData"	FALSE	TRUE	TRUE	NA
"./mm_nwis_12101100-349-170206 1.0.0 MLE_prep_run.RData"	FALSE	FALSE	FALSE	NA
"./mm_nwis_12102075-350-170206 1.0.0 MLE_prep_run.RData"	FALSE	FALSE	FALSE	NA
"./mm_nwis_13013650-351-170206 1.0.0 MLE_prep_run.RData"	FALSE	FALSE	FALSE	NA
"./mm_nwis_13173600-352-170206 1.0.0 MLE_prep_run.RData"	FALSE	FALSE	FALSE	NA
"./mm_nwis_13206400-353-170206 1.0.0 MLE_prep_run.RData"	FALSE	FALSE	FALSE	NA
"./mm_nwis_13207500-354-170206 1.0.0 MLE_prep_run.RData"	FALSE	FALSE	FALSE	NA
"./mm_nwis_13213000-355-170206 1.0.0 MLE_prep_run.RData"	FALSE	FALSE	FALSE	NA
"./mm_nwis_13213100-356-170206 1.0.0 MLE_prep_run.RData"	FALSE	FALSE	FALSE	NA
"./mm_nwis_14151000-357-170206 1.0.0 MLE_prep_run.RData"	FALSE	TRUE	TRUE	NA
"./mm_nwis_14162500-358-170206 1.0.0 MLE_prep_run.RData"	FALSE	TRUE	TRUE	NA
"./mm_nwis_14182500-359-170206 1.0.0 MLE_prep_run.RData"	FALSE	FALSE	FALSE	NA
"./mm_nwis_14202650-360-170206 1.0.0 MLE_prep_run.RData"	FALSE	FALSE	FALSE	NA
"./mm_nwis_14206950-361-170206 1.0.0 MLE_prep_run.RData"	FALSE	FALSE	FALSE	NA
"./mm_nwis_14210000-362-170206 1.0.0 MLE_prep_run.RData"	FALSE	FALSE	FALSE	NA
"./mm_nwis_14211010-363-170206 1.0.0 MLE_prep_run.RData"	FALSE	FALSE	FALSE	NA
"./mm_nwis_14211720-364-170206 1.0.0 MLE_prep_run.RData"	FALSE	FALSE	FALSE	NA
"./mm_nwis_14301500-365-170206 1.0.0 MLE_prep_run.RData"	FALSE	FALSE	FALSE	NA
"./mm_nwis_14302480-366-170206 1.0.0 MLE_prep_run.RData"	FALSE	FALSE	FALSE	NA
"./mm_nwis_15298040-367-170206 1.0.0 MLE_prep_run.RData"	FALSE	FALSE	FALSE	NA
"./mm_nwis_385446094430700-368-170206 1.0.0 MLE_prep_run.RData"	FALSE	TRUE	TRUE	NA
"./mm_nwis_385520094420000-369-170206 1.0.0 MLE_prep_run.RData"	FALSE	TRUE	TRUE	NA
"./mm_nwis_385608094380300-370-170206 1.0.0 MLE_prep_run.RData"	FALSE	FALSE	FALSE	NA
"./mm_nwis_411955088280601-371-170206 1.0.0 MLE_prep_run.RData"	FALSE	FALSE	FALSE	NA
